-- Adminer 4.2.1 MySQL dump

SET NAMES utf8;
SET time_zone = '+00:00';
SET foreign_key_checks = 0;
SET sql_mode = 'NO_AUTO_VALUE_ON_ZERO';

DROP TABLE IF EXISTS `file`;
CREATE TABLE `file` (
  `id` int(10) unsigned NOT NULL AUTO_INCREMENT,
  `name` varchar(45) NOT NULL,
  `link` varchar(45) NOT NULL,
  `type` varchar(45) DEFAULT NULL,
  `width` int(11) DEFAULT NULL,
  `height` int(11) DEFAULT NULL,
  PRIMARY KEY (`id`)
) ENGINE=InnoDB DEFAULT CHARSET=utf8;

INSERT INTO `file` (`id`, `name`, `link`, `type`, `width`, `height`) VALUES
(1,	'atelier',	'images/projects/project1/title',	NULL,	1500,	1500),
(2,	'spolecny atelier',	'images/projects/project2/title',	NULL,	1500,	1500),
(3,	'tapeta navrh',	'images/projects/project3/title',	NULL,	1500,	1500),
(5,	'img2',	'images/projects/photo/img2',	NULL,	513,	513),
(8,	'img5',	'images/projects/photo/img5',	NULL,	892,	892),
(9,	'img6',	'images/projects/photo/img6',	NULL,	894,	894),
(10,	'img7',	'images/projects/photo/img7',	NULL,	896,	896),
(12,	'img9',	'images/projects/photo/img9',	NULL,	892,	892),
(13,	'img10',	'images/projects/photo/img10',	NULL,	932,	932),
(15,	'img12',	'images/projects/photo/img12',	NULL,	890,	890),
(17,	'atelier',	'images/projects/project1/1',	NULL,	1500,	1500),
(18,	'atelier',	'images/projects/project1/2',	NULL,	1500,	1500),
(19,	'atelier',	'images/projects/project1/3',	NULL,	1500,	1500),
(20,	'atelier',	'images/projects/project1/4',	NULL,	1500,	1500),
(21,	'atelier',	'images/projects/project1/5',	NULL,	1500,	1500),
(22,	'atelier',	'images/projects/project1/6',	NULL,	1500,	1500),
(23,	'atelier',	'images/projects/project1/7',	NULL,	1500,	1500),
(24,	'atelier',	'images/projects/project1/8',	NULL,	1500,	1500),
(25,	'atelier',	'images/projects/project1/9',	NULL,	1500,	1500),
(26,	'atelier',	'images/projects/project1/10',	NULL,	1500,	1500),
(27,	'atelier',	'images/projects/project1/11',	NULL,	1500,	1500),
(28,	'galaxie',	'images/projects/galaxie/title',	NULL,	1500,	1500),
(29,	'lebka',	'images/projects/lebka/title',	NULL,	1500,	1500),
(30,	'plakát',	'images/projects/plakat/title',	NULL,	1500,	1500),
(31,	'žárlivost',	'images/projects/zarlivost/title',	NULL,	1500,	1500),
(32,	'žena',	'images/projects/zena/title',	NULL,	1500,	1500),
(33,	'galaxie',	'images/projects/galaxie/1',	NULL,	1500,	1500),
(34,	'galaxie',	'images/projects/galaxie/2',	NULL,	1500,	1500),
(35,	'zimoviste',	'images/projects/zimoviste/title',	NULL,	1500,	1500),
(36,	'zimoviste',	'images/projects/zimoviste/1',	NULL,	1050,	1500),
(37,	'zimoviste',	'images/projects/zimoviste/2',	NULL,	1500,	1086),
(38,	'zimoviste',	'images/projects/zimoviste/3',	NULL,	1500,	1086),
(39,	'zimoviste',	'images/projects/zimoviste/4',	NULL,	1500,	1086),
(40,	'zimoviste',	'images/projects/zimoviste/5',	NULL,	1500,	1086),
(41,	'zimoviste',	'images/projects/zimoviste/6',	NULL,	1500,	1086),
(42,	'zimoviste',	'images/projects/zimoviste/7',	NULL,	1500,	1086),
(43,	'zimoviste',	'images/projects/zimoviste/8',	NULL,	1500,	1086),
(44,	'zidle',	'images/projects/zidle/title',	NULL,	1500,	1500),
(45,	'zidle',	'images/projects/zidle/1',	NULL,	1060,	1500),
(46,	'zidle',	'images/projects/zidle/2',	NULL,	1500,	1061),
(47,	'zidle',	'images/projects/zidle/3',	NULL,	1500,	1061),
(48,	'zidle',	'images/projects/zidle/4',	NULL,	1500,	1061),
(49,	'tapeta',	'images/projects/project3/1',	NULL,	1500,	1500),
(50,	'tapeta',	'images/projects/project3/2',	NULL,	1500,	1500),
(51,	'tapeta',	'images/projects/project3/3',	NULL,	1500,	1500),
(52,	'atelier_spolecny',	'images/projects/project2/1',	NULL,	1500,	1500),
(53,	'atelier_spolecny',	'images/projects/project2/2',	NULL,	1500,	1500),
(54,	'atelier_spolecny',	'images/projects/project2/3',	NULL,	1500,	1500),
(55,	'atelier_spolecny',	'images/projects/project2/4',	NULL,	1500,	1500),
(56,	'atelier_spolecny',	'images/projects/project2/5',	NULL,	1500,	1500),
(57,	'hodonin nabrezi',	'images/projects/hodonin_nabrezi/title',	NULL,	1500,	1500),
(58,	'hodonin nabrezi',	'images/projects/hodonin_nabrezi/1',	NULL,	1050,	1500),
(59,	'hodonin nabrezi',	'images/projects/hodonin_nabrezi/2',	NULL,	1500,	1500),
(60,	'hodonin nabrezi',	'images/projects/hodonin_nabrezi/3',	NULL,	1500,	1500),
(61,	'hodonin nabrezi',	'images/projects/hodonin_nabrezi/4',	NULL,	1500,	1500),
(62,	'hodonin nabrezi',	'images/projects/hodonin_nabrezi/5',	NULL,	1500,	1500),
(63,	'hodonin nabrezi',	'images/projects/hodonin_nabrezi/6',	NULL,	1500,	1500),
(64,	'hodonin nabrezi',	'images/projects/hodonin_nabrezi/7',	NULL,	1500,	1500),
(65,	'hodonin nabrezi',	'images/projects/hodonin_nabrezi/8',	NULL,	1500,	1500),
(66,	'hodonin nabrezi',	'images/projects/hodonin_nabrezi/9',	NULL,	1500,	1500),
(67,	'hodonin nabrezi',	'images/projects/hodonin_nabrezi/10',	NULL,	1500,	1500);

DROP TABLE IF EXISTS `project`;
CREATE TABLE `project` (
  `id` int(10) unsigned NOT NULL AUTO_INCREMENT,
  `name` varchar(255) NOT NULL,
  `description` text NOT NULL,
  `lang` varchar(45) NOT NULL DEFAULT 'cz',
  `category` varchar(45) NOT NULL,
  `layout` int(11) NOT NULL DEFAULT '1',
  `hover` varchar(45) DEFAULT 'roxy',
  `year` varchar(45) NOT NULL,
  `size` int(11) NOT NULL DEFAULT '1',
  `order` int(11) NOT NULL,
  PRIMARY KEY (`id`)
) ENGINE=InnoDB DEFAULT CHARSET=utf8;

INSERT INTO `project` (`id`, `name`, `description`, `lang`, `category`, `layout`, `hover`, `year`, `size`, `order`) VALUES
(1,	'ateliér',	'Urbanisticky řešená část BVV. Návrh komplexu 8 bytových domů.',	'cz',	'school',	1,	'roxy',	'2015',	1,	14),
(2,	'společný ateliér',	'Urbanisticky řešená část BVV. Společný ateliér.',	'cz',	'school',	1,	'roxy',	'2015',	1,	19),
(3,	'tapeta návrh',	'Návrh tapety.',	'cz',	'school',	1,	'roxy',	'2015',	1,	22),
(5,	'galaxie',	'',	'cz',	'draw',	1,	'roxy',	'2015',	1,	16),
(6,	'lebka',	'',	'cz',	'school',	1,	'roxy',	'2015',	1,	17),
(7,	'plakat',	'',	'cz',	'draw',	1,	'roxy',	'2015',	1,	18),
(8,	'zarlivost',	'',	'cz',	'draw',	1,	'roxy',	'2015',	1,	20),
(9,	'žena',	'',	'cz',	'draw',	1,	'roxy',	'2015',	1,	21),
(11,	'sea',	'',	'cz',	'photography',	1,	'roxy',	'2015',	1,	2),
(14,	'img5',	'',	'cz',	'photography',	1,	'roxy',	'2015',	1,	5),
(15,	'img6',	'',	'cz',	'photography',	1,	'roxy',	'2015',	1,	6),
(16,	'img7',	'',	'cz',	'photography',	1,	'roxy',	'2015',	1,	7),
(18,	'img9',	'',	'cz',	'photography',	1,	'roxy',	'2015',	1,	9),
(19,	'img10',	'',	'cz',	'photography',	1,	'roxy',	'2015',	1,	10),
(21,	'img12',	'',	'cz',	'photography',	1,	'roxy',	'2015',	1,	12),
(23,	'zimoviště',	'Přestavba propanbutanové stanice na zimoviště žiraf',	'cz',	'school',	1,	'roxy',	'2015',	2,	22),
(24,	'židle',	'Židle realizace',	'cz',	'school',	1,	'roxy',	'2015',	2,	16),
(25,	'hodonín nábřeží',	'Návrh nového nábřeží v Hodoníně',	'cz',	'school',	1,	'roxy',	'2015',	1,	8);

DROP TABLE IF EXISTS `project_has_file`;
CREATE TABLE `project_has_file` (
  `project_id` int(10) unsigned NOT NULL,
  `file_id` int(10) unsigned NOT NULL,
  PRIMARY KEY (`project_id`,`file_id`),
  KEY `fk_project_has_file_file1_idx` (`file_id`),
  KEY `fk_project_has_file_project_idx` (`project_id`),
  CONSTRAINT `fk_project_has_file_file1` FOREIGN KEY (`file_id`) REFERENCES `file` (`id`) ON DELETE NO ACTION ON UPDATE NO ACTION,
  CONSTRAINT `fk_project_has_file_project` FOREIGN KEY (`project_id`) REFERENCES `project` (`id`) ON DELETE NO ACTION ON UPDATE NO ACTION
) ENGINE=InnoDB DEFAULT CHARSET=utf8;

INSERT INTO `project_has_file` (`project_id`, `file_id`) VALUES
(1,	1),
(2,	2),
(3,	3),
(11,	5),
(14,	8),
(15,	9),
(16,	10),
(18,	12),
(19,	13),
(21,	15),
(1,	17),
(1,	18),
(1,	19),
(1,	20),
(1,	21),
(1,	22),
(1,	23),
(1,	24),
(1,	25),
(1,	26),
(1,	27),
(5,	28),
(6,	29),
(7,	30),
(8,	31),
(9,	32),
(5,	33),
(5,	34),
(23,	35),
(23,	36),
(23,	37),
(23,	38),
(23,	39),
(23,	40),
(23,	41),
(23,	42),
(23,	43),
(24,	44),
(24,	45),
(24,	46),
(24,	47),
(24,	48),
(3,	49),
(3,	50),
(3,	51),
(2,	52),
(2,	53),
(2,	54),
(2,	55),
(2,	56),
(25,	57),
(25,	58),
(25,	59),
(25,	60),
(25,	61),
(25,	62),
(25,	63),
(25,	64),
(25,	65),
(25,	66),
(25,	67);

-- 2016-02-22 21:19:41
